City_ID,City,Lat,Lng,Max Temp,Humidity,Cloudiness,Wind Speed,Description,Country,Date
0,Labuhan,-6.8844,112.2051,79.61,82,71,6.22,broken clouds,ID,2022-05-16 23:32:30
1,Mahebourg,-20.4081,57.7,75.49,73,75,11.5,broken clouds,MU,2022-05-16 23:32:31
2,Wum,6.3833,10.0667,66.54,91,100,2.26,overcast clouds,CM,2022-05-16 23:32:32
3,Albany,42.6001,-73.9662,63.27,93,95,10.96,overcast clouds,US,2022-05-16 23:29:33
4,Sur,22.5667,59.5289,84.97,37,0,5.57,clear sky,OM,2022-05-16 23:32:33
5,Hermanus,-34.4187,19.2345,66.79,46,90,2.66,overcast clouds,ZA,2022-05-16 23:32:33
6,Berdigestyakh,62.0989,126.6992,37.18,80,100,3.58,overcast clouds,RU,2022-05-16 23:32:35
7,Manono,-7.3,27.4167,72.03,67,86,3.04,overcast clouds,CD,2022-05-16 23:32:35
8,Dunedin,-45.8742,170.5036,60.8,70,98,5.99,overcast clouds,NZ,2022-05-16 23:32:36
9,Busselton,-33.65,115.3333,58.71,65,62,10.45,broken clouds,AU,2022-05-16 23:32:37
10,Atuona,-9.8,-139.0333,79.11,66,8,15.3,clear sky,PF,2022-05-16 23:32:37
11,Georgetown,5.4112,100.3354,78.73,94,20,3.44,few clouds,MY,2022-05-16 23:30:21
12,Bilma,18.6853,12.9164,81.16,12,0,5.28,clear sky,NE,2022-05-16 23:32:39
13,Mataura,-46.1927,168.8643,54.48,82,100,3.58,overcast clouds,NZ,2022-05-16 23:32:39
14,Luderitz,-26.6481,15.1594,73.81,28,3,6.42,clear sky,NA,2022-05-16 23:32:40
15,Trogir,43.5125,16.2517,69.89,72,0,3.44,clear sky,HR,2022-05-16 23:32:41
16,Ulladulla,-35.35,150.4667,61.23,49,0,5.84,clear sky,AU,2022-05-16 23:32:42
17,Mandalgovi,45.7625,106.2708,55.74,30,6,12.26,clear sky,MN,2022-05-16 23:32:42
18,Korla,41.7597,86.1469,69.03,34,95,10.38,overcast clouds,CN,2022-05-16 23:32:43
19,East London,-33.0153,27.9116,68.13,53,0,8.01,clear sky,ZA,2022-05-16 23:32:44
20,Black River,18.0264,-77.8487,80.37,77,99,10.98,overcast clouds,JM,2022-05-16 23:32:45
21,Palmer,42.1584,-72.3287,66.92,83,75,3.44,broken clouds,US,2022-05-16 23:32:46
22,Dargaville,-35.9333,173.8833,71.35,66,74,12.68,broken clouds,NZ,2022-05-16 23:32:46
23,Norman Wells,65.282,-126.8329,59.04,38,20,4.61,few clouds,CA,2022-05-16 23:32:47
24,Sechura,-5.5569,-80.8222,68.97,75,46,13.91,scattered clouds,PE,2022-05-16 23:32:48
25,Leningradskiy,69.3833,178.4167,28.99,87,100,12.95,overcast clouds,RU,2022-05-16 23:32:49
26,Clyde River,70.4692,-68.5914,28.63,86,20,9.22,few clouds,CA,2022-05-16 23:32:50
27,Ushuaia,-54.8,-68.3,40.66,87,75,16.11,light intensity drizzle,AR,2022-05-16 23:28:52
28,Lebu,-37.6167,-73.65,52.57,71,8,3.09,clear sky,CL,2022-05-16 23:32:51
29,Faanui,-16.4833,-151.75,80.19,75,88,14.83,light rain,PF,2022-05-16 23:32:52
30,Shimoda,34.6667,138.95,62.96,85,100,6.67,light rain,JP,2022-05-16 23:32:52
31,Kendari,-3.945,122.4989,76.14,91,100,0.51,overcast clouds,ID,2022-05-16 23:32:53
32,Port Alfred,-33.5906,26.891,70.56,50,0,11.05,clear sky,ZA,2022-05-16 23:32:54
33,Longyearbyen,78.2186,15.6401,28.24,93,75,2.3,light rain and snow,SJ,2022-05-16 23:32:55
34,Hobart,-42.8794,147.3294,51.22,74,75,12.66,broken clouds,AU,2022-05-16 23:32:55
35,Kibala,9.1104,18.3463,81.5,58,24,4.52,few clouds,TD,2022-05-16 23:32:56
36,Dharchula,29.85,80.5333,69.39,47,44,6.87,scattered clouds,IN,2022-05-16 23:32:58
37,Saint-Philippe,-21.3585,55.7679,71.19,82,78,12.93,light rain,RE,2022-05-16 23:32:58
38,Rikitea,-23.1203,-134.9692,77.4,73,16,18.01,few clouds,PF,2022-05-16 23:32:59
39,Santa Ana,33.7456,-117.8678,85.95,62,0,13.8,clear sky,US,2022-05-16 23:32:54
40,Bredasdorp,-34.5322,20.0403,65.25,25,52,4.68,broken clouds,ZA,2022-05-16 23:33:00
41,Juneau,58.3019,-134.4197,48.2,89,100,16.11,overcast clouds,US,2022-05-16 23:29:37
42,Vaini,-21.2,-175.2,77.16,65,75,6.91,broken clouds,TO,2022-05-16 23:33:01
43,Mount Isa,-20.7333,139.5,69.57,46,0,9.22,clear sky,AU,2022-05-16 23:33:02
44,Jamestown,42.097,-79.2353,60.53,77,75,14.97,broken clouds,US,2022-05-16 23:30:34
45,Namakkal,11.2213,78.1652,78.19,85,95,4.45,overcast clouds,IN,2022-05-16 23:33:03
46,Barrow,71.2906,-156.7887,17.62,73,100,11.5,light snow,US,2022-05-16 23:33:14
47,Ayutinskiy,47.77,40.14,53.22,63,36,8.55,scattered clouds,RU,2022-05-16 23:33:14
48,Airai,-8.9266,125.4092,67.1,60,10,2.51,clear sky,TL,2022-05-16 23:33:15
49,Kodiak,57.79,-152.4072,60.31,25,0,11.5,clear sky,US,2022-05-16 23:33:16
50,Khatanga,71.9667,102.5,32.52,86,98,14.9,overcast clouds,RU,2022-05-16 23:33:16
51,Ust-Tsilma,65.441,52.1498,35.8,94,100,6.89,overcast clouds,RU,2022-05-16 23:33:17
52,New Norfolk,-42.7826,147.0587,50.88,77,94,7.0,overcast clouds,AU,2022-05-16 23:33:18
53,Avarua,-21.2078,-159.775,82.45,69,75,9.22,broken clouds,CK,2022-05-16 23:33:19
54,Riosucio,5.4216,-75.7032,61.09,99,97,1.81,overcast clouds,CO,2022-05-16 23:33:09
55,Buncrana,55.1333,-7.45,53.02,94,76,7.63,broken clouds,IE,2022-05-16 23:33:20
56,Menongue,-14.6585,17.691,54.75,57,9,5.28,clear sky,AO,2022-05-16 23:33:20
57,Punta Arenas,-53.15,-70.9167,44.71,81,0,8.05,clear sky,CL,2022-05-16 23:33:21
58,Balaipungut,1.05,101.2833,74.41,87,96,1.97,overcast clouds,ID,2022-05-16 23:33:23
59,Camalu,30.85,-116.0667,67.12,65,3,12.01,clear sky,MX,2022-05-16 23:33:23
60,Tura,25.5198,90.2201,72.28,98,95,4.09,overcast clouds,IN,2022-05-16 23:33:24
61,Sitka,57.0531,-135.33,48.09,66,100,5.75,overcast clouds,US,2022-05-16 23:33:25
62,Meadow Lake,34.8014,-106.5436,92.32,9,50,23.44,scattered clouds,US,2022-05-16 23:33:26
63,Hofn,64.2539,-15.2082,46.78,91,8,11.63,clear sky,IS,2022-05-16 23:33:27
64,Lagoa,39.05,-27.9833,56.89,61,9,28.81,clear sky,PT,2022-05-16 23:33:27
65,Indija,20.0,77.0,88.02,30,2,2.1,clear sky,IN,2022-05-16 23:33:28
66,Heihe,50.2441,127.4902,48.78,42,76,12.84,broken clouds,CN,2022-05-16 23:33:29
67,Coffs Harbour,-30.3,153.1333,67.96,73,86,11.5,overcast clouds,AU,2022-05-16 23:33:30
68,Victoria,22.2855,114.1577,70.25,82,81,8.01,broken clouds,HK,2022-05-16 23:29:43
69,Kahului,20.8947,-156.47,87.82,40,40,17.27,scattered clouds,US,2022-05-16 23:33:31
70,Provideniya,64.3833,-173.3,32.36,80,0,4.47,clear sky,RU,2022-05-16 23:33:31
71,Elko,41.0002,-115.5012,78.82,16,29,18.99,scattered clouds,US,2022-05-16 23:33:32
72,La Romana,18.4273,-68.9728,80.96,78,20,5.75,few clouds,DO,2022-05-16 23:33:33
73,Westport,41.1415,-73.3579,67.62,93,100,5.75,thunderstorm,US,2022-05-16 23:33:34
74,Tiarei,-17.5333,-149.3333,86.02,70,46,16.37,scattered clouds,PF,2022-05-16 23:28:45
75,Saint-Pierre,-21.3393,55.4781,71.28,83,75,6.91,broken clouds,RE,2022-05-16 23:33:35
76,Vardo,70.3705,31.1107,33.78,86,100,12.66,overcast clouds,NO,2022-05-16 23:33:35
77,Ilulissat,69.2167,-51.1,30.22,64,20,2.3,few clouds,GL,2022-05-16 23:33:36
78,Mackay,-21.15,149.2,79.68,76,6,12.33,clear sky,AU,2022-05-16 23:33:37
79,Santa Ines,-3.6667,-45.38,75.13,94,97,2.53,overcast clouds,BR,2022-05-16 23:32:21
80,Davila,18.4726,120.5763,80.58,69,83,2.33,broken clouds,PH,2022-05-16 23:33:38
81,Atar,20.5169,-13.0499,92.66,13,100,9.26,overcast clouds,MR,2022-05-16 23:33:39
82,Thompson,55.7435,-97.8558,51.96,32,20,11.5,few clouds,CA,2022-05-16 23:33:40
83,Castro,-24.7911,-50.0119,46.36,76,3,7.54,clear sky,BR,2022-05-16 23:33:40
84,Cabo San Lucas,22.8909,-109.9124,90.7,39,75,11.5,broken clouds,MX,2022-05-16 23:31:01
85,Roald,62.5833,6.1333,48.76,81,0,20.71,clear sky,NO,2022-05-16 23:33:42
86,Bluff,-46.6,168.3333,54.81,81,100,24.56,light rain,NZ,2022-05-16 23:33:43
87,Ribeira Grande,38.5167,-28.7,58.05,62,70,26.02,broken clouds,PT,2022-05-16 23:33:44
88,Aklavik,68.2191,-135.0107,32.63,83,51,14.03,broken clouds,CA,2022-05-16 23:33:44
89,Tautira,-17.7333,-149.15,81.27,71,40,16.37,scattered clouds,PF,2022-05-16 23:33:45
90,Komsomolskiy,40.4272,71.7189,63.32,67,58,2.3,broken clouds,UZ,2022-05-16 23:33:46
91,Los Llanos De Aridane,28.6585,-17.9182,64.15,85,0,3.44,clear sky,ES,2022-05-16 23:33:47
92,Hithadhoo,-0.6,73.0833,84.18,69,96,18.3,overcast clouds,MV,2022-05-16 23:33:58
93,Tuktoyaktuk,69.4541,-133.0374,33.8,80,100,9.22,overcast clouds,CA,2022-05-16 23:33:59
94,Arraial Do Cabo,-22.9661,-42.0278,71.83,81,100,7.05,overcast clouds,BR,2022-05-16 23:33:59
95,Bambous Virieux,-20.3428,57.7575,75.45,73,75,11.5,broken clouds,MU,2022-05-16 23:34:00
96,Moree,-29.4667,149.85,61.7,61,0,9.42,clear sky,AU,2022-05-16 23:24:32
97,Pisco,-13.7,-76.2167,68.05,73,0,8.05,clear sky,PE,2022-05-16 23:34:01
98,Rincon,32.296,-81.2354,82.36,62,37,6.04,scattered clouds,US,2022-05-16 23:34:02
99,Tukrah,32.5341,20.5791,69.96,32,0,5.08,clear sky,LY,2022-05-16 23:34:03
100,Laguna,38.421,-121.4238,85.75,39,0,10.36,clear sky,US,2022-05-16 23:24:15
101,Bokoro,12.3807,17.0568,93.09,33,75,7.92,broken clouds,TD,2022-05-16 23:34:04
102,Qaanaaq,77.484,-69.3632,20.26,76,45,4.81,scattered clouds,GL,2022-05-16 23:34:05
103,Cape Town,-33.9258,18.4232,69.91,33,0,10.36,clear sky,ZA,2022-05-16 23:34:05
104,Alugan,12.2188,125.4808,83.82,74,99,9.6,overcast clouds,PH,2022-05-16 23:34:06
105,Baijiantan,45.6333,85.1833,66.25,48,26,2.73,scattered clouds,CN,2022-05-16 23:34:08
106,Lebedyan,53.0194,39.1664,42.12,89,100,10.98,overcast clouds,RU,2022-05-16 23:34:08
107,Kropotkin,45.4375,40.5756,51.48,78,31,8.3,scattered clouds,RU,2022-05-16 23:34:09
108,Namibe,-15.1961,12.1522,72.09,61,4,6.29,clear sky,AO,2022-05-16 23:31:31
109,Poltavka,54.3663,71.7632,59.05,68,66,10.11,broken clouds,RU,2022-05-16 23:34:10
110,Broome,42.2506,-75.833,59.85,89,100,9.22,overcast clouds,US,2022-05-16 23:34:11
111,Butaritari,3.0707,172.7902,82.6,69,88,10.33,overcast clouds,KI,2022-05-16 23:34:11
112,Deputatskiy,69.3,139.9,24.53,86,98,0.63,overcast clouds,RU,2022-05-16 23:34:12
113,Coquimbo,-29.9533,-71.3436,55.13,82,20,5.75,few clouds,CL,2022-05-16 23:34:13
114,Geraldton,-28.7667,114.6,52.21,82,0,12.66,clear sky,AU,2022-05-16 23:31:30
115,Kapaa,22.0752,-159.319,82.38,78,0,9.22,clear sky,US,2022-05-16 23:32:27
116,Romny,50.751,33.4747,41.43,78,3,8.16,clear sky,UA,2022-05-16 23:34:14
117,Mayumba,-3.432,10.6554,77.14,91,96,2.51,overcast clouds,GA,2022-05-16 23:34:15
118,Cayenne,4.9333,-52.3333,76.08,1,20,0.0,few clouds,GF,2022-05-16 23:34:16
119,Port Hardy,50.6996,-127.4199,53.78,62,100,12.66,light intensity shower rain,CA,2022-05-16 23:30:22
120,Codrington,-38.2667,141.9667,50.97,81,100,10.76,overcast clouds,AU,2022-05-16 23:34:17
121,Tasiilaq,65.6145,-37.6368,37.56,99,100,5.37,light rain,GL,2022-05-16 23:34:17
122,Lugovoy,42.9472,72.7644,58.21,64,62,4.12,broken clouds,KZ,2022-05-16 23:34:18
123,Namatanai,-3.6667,152.4333,84.45,66,81,4.23,broken clouds,PG,2022-05-16 23:34:19
124,Hilo,19.7297,-155.09,84.27,82,100,11.5,haze,US,2022-05-16 23:34:20
125,Ambatondrazaka,-17.8333,48.4167,62.6,87,66,5.14,broken clouds,MG,2022-05-16 23:34:20
126,Sistranda,63.7256,8.834,35.56,65,14,19.62,few clouds,NO,2022-05-16 23:29:59
127,Malacacheta,-17.8422,-42.0767,63.37,86,10,3.85,clear sky,BR,2022-05-16 23:34:22
128,Castilho,-20.8722,-51.4875,59.83,65,63,11.41,broken clouds,BR,2022-05-16 23:34:22
129,Port Blair,11.6667,92.75,83.26,77,91,16.93,overcast clouds,IN,2022-05-16 23:34:23
130,Santa Isabel Do Rio Negro,-0.4139,-65.0192,73.51,100,98,2.26,overcast clouds,BR,2022-05-16 23:34:24
131,Mar Del Plata,-38.0023,-57.5575,55.94,83,100,16.11,overcast clouds,AR,2022-05-16 23:30:02
132,Magoula,38.0833,23.5167,71.87,64,20,3.44,few clouds,GR,2022-05-16 23:34:26
133,Ambovombe,-25.1667,46.0833,69.17,71,1,16.06,clear sky,MG,2022-05-16 23:34:26
134,Dikson,73.5069,80.5464,33.46,100,100,3.29,snow,RU,2022-05-16 23:34:27
135,Salinopolis,-0.6136,-47.3561,80.87,85,68,11.32,broken clouds,BR,2022-05-16 23:34:28
136,Lasa,46.6166,10.7002,58.08,93,98,6.42,overcast clouds,IT,2022-05-16 23:33:54
137,Ponta Do Sol,32.6667,-17.1,68.72,80,20,5.41,few clouds,PT,2022-05-16 23:34:29
138,Morondava,-20.2833,44.2833,71.62,62,0,9.55,clear sky,MG,2022-05-16 23:34:30
139,Wembley,-31.9333,115.8,57.4,76,0,9.22,clear sky,AU,2022-05-16 23:34:30
140,Chuy,-33.6971,-53.4616,52.59,86,71,16.49,light rain,UY,2022-05-16 23:34:41
141,Raudeberg,61.9875,5.1352,50.67,74,0,4.54,clear sky,NO,2022-05-16 23:34:42
142,Mount Gambier,-37.8333,140.7667,53.44,71,97,8.95,overcast clouds,AU,2022-05-16 23:34:43
143,La Ronge,55.1001,-105.2842,50.25,34,20,11.5,few clouds,CA,2022-05-16 23:34:43
144,Nome,64.5011,-165.4064,43.16,56,0,10.36,clear sky,US,2022-05-16 23:34:44
145,College,64.8569,-147.8028,51.01,60,100,1.14,overcast clouds,US,2022-05-16 23:34:45
146,Sabang,5.8933,95.3214,83.64,76,100,20.0,overcast clouds,ID,2022-05-16 23:34:46
147,Tupik,54.4253,119.9327,46.26,53,75,3.91,broken clouds,RU,2022-05-16 23:34:47
148,Khandyga,62.6667,135.6,46.44,43,100,6.08,overcast clouds,RU,2022-05-16 23:34:47
149,Puerto Ayora,-0.7393,-90.3518,74.55,94,92,4.0,overcast clouds,EC,2022-05-16 23:30:34
150,Plover,44.4564,-89.544,69.55,24,75,13.8,broken clouds,US,2022-05-16 23:34:49
151,Bjerkvik,68.5597,17.5189,31.82,87,94,3.76,overcast clouds,NO,2022-05-16 23:34:50
152,Caravelas,-17.7125,-39.2481,76.05,87,26,7.36,scattered clouds,BR,2022-05-16 23:34:50
153,Bardiyah,31.7561,25.0865,67.14,60,0,7.47,clear sky,LY,2022-05-16 23:34:51
154,Sakhnovshchyna,49.1517,35.872,43.2,85,51,7.31,broken clouds,UA,2022-05-16 23:34:52
155,Bengkulu,-3.8004,102.2655,76.39,89,100,4.79,overcast clouds,ID,2022-05-16 23:34:53
156,Concepcion,-36.827,-73.0498,51.6,87,100,4.61,overcast clouds,CL,2022-05-16 23:33:24
157,Chokurdakh,70.6333,147.9167,29.25,93,89,5.86,overcast clouds,RU,2022-05-16 23:34:54
158,Eirunepe,-6.6603,-69.8736,73.18,100,100,3.67,very heavy rain,BR,2022-05-16 23:34:54
159,Maldonado,-34.6667,-54.9167,55.22,83,100,20.76,overcast clouds,UY,2022-05-16 23:34:55
160,The Valley,18.217,-63.0578,80.74,78,20,12.66,few clouds,AI,2022-05-16 23:34:56
161,Awbari,26.5921,12.7805,74.62,16,9,6.02,clear sky,LY,2022-05-16 23:34:57
162,Yellowknife,62.456,-114.3525,54.12,37,75,12.66,broken clouds,CA,2022-05-16 23:34:25
163,Merauke,-8.4667,140.3333,81.14,67,9,5.95,clear sky,ID,2022-05-16 23:34:59
164,Puerto Gaitan,4.3133,-72.0816,76.96,90,100,3.38,overcast clouds,CO,2022-05-16 23:35:00
165,Mount Pleasant,32.7941,-79.8626,84.34,73,0,9.22,clear sky,US,2022-05-16 23:35:00
166,Union,40.6334,-74.2663,72.28,77,75,9.22,heavy intensity rain,US,2022-05-16 23:35:01
167,Eureka,40.8021,-124.1637,62.67,72,79,10.0,broken clouds,US,2022-05-16 23:22:32
168,Vao,-22.6667,167.4833,74.79,76,11,14.9,few clouds,NC,2022-05-16 23:35:03
169,Charters Towers,-20.1,146.2667,75.78,62,82,7.2,broken clouds,AU,2022-05-16 23:35:03
170,Nantucket,41.2835,-70.0995,60.94,98,100,13.8,fog,US,2022-05-16 23:35:04
171,Zeya,53.75,127.2667,44.58,43,88,6.22,overcast clouds,RU,2022-05-16 23:35:05
172,Ystad,55.4297,13.8204,48.94,88,97,8.88,overcast clouds,SE,2022-05-16 23:35:06
173,Marquette,46.5333,-87.6335,53.04,61,100,9.19,overcast clouds,US,2022-05-16 23:31:57
174,Staryy Krym,45.0333,35.1,51.31,73,57,6.89,broken clouds,UA,2022-05-16 23:35:07
175,Zyryanka,65.75,150.85,50.38,51,17,17.56,few clouds,RU,2022-05-16 23:35:08
176,Hailin,44.5833,129.4167,58.84,43,20,7.94,few clouds,CN,2022-05-16 23:35:09
177,Cockburn Town,21.4612,-71.1419,80.56,74,40,20.71,scattered clouds,TC,2022-05-16 23:35:10
178,Sioux Lookout,50.1001,-91.917,50.07,53,40,8.05,scattered clouds,CA,2022-05-16 23:32:25
179,Pevek,69.7008,170.3133,33.37,92,100,5.5,overcast clouds,RU,2022-05-16 23:35:21
180,Ballina,-28.8667,153.5667,69.78,87,97,8.9,overcast clouds,AU,2022-05-16 23:35:22
181,Harrisonburg,38.4496,-78.8689,70.81,40,0,6.91,clear sky,US,2022-05-16 23:35:23
182,Chara,56.9064,118.2631,39.58,72,56,2.28,broken clouds,RU,2022-05-16 23:35:23
183,Praia Da Vitoria,38.7333,-27.0667,57.76,71,20,19.17,few clouds,PT,2022-05-16 23:35:24
184,Berlevag,70.8578,29.0864,35.55,75,100,23.02,overcast clouds,NO,2022-05-16 23:35:25
185,Carnarvon,-24.8667,113.6333,70.21,58,0,6.93,clear sky,AU,2022-05-16 23:35:25
186,Saint George,37.1041,-113.5841,97.39,7,0,14.97,clear sky,US,2022-05-16 23:35:26
187,Mitsamiouli,-11.3847,43.2844,79.02,70,0,6.69,clear sky,KM,2022-05-16 23:35:27
188,Baykit,61.67,96.37,53.47,75,17,3.38,few clouds,RU,2022-05-16 23:35:28
189,Talnakh,69.4865,88.3972,36.21,99,100,7.18,overcast clouds,RU,2022-05-16 23:35:28
190,Alofi,-19.0595,-169.9187,78.69,69,75,16.11,light intensity shower rain,NU,2022-05-16 23:35:29
191,Ushibuka,32.1906,130.0228,64.51,58,100,4.21,overcast clouds,JP,2022-05-16 23:35:30
192,Waingapu,-9.6567,120.2641,81.64,79,14,7.14,few clouds,ID,2022-05-16 23:35:31
193,Pangoa,-12.1167,-73.0,67.55,99,99,3.11,overcast clouds,PE,2022-05-16 23:35:32
194,Padang,-0.9492,100.3543,78.49,77,100,3.27,overcast clouds,ID,2022-05-16 23:35:33
195,Port Augusta,-32.5,137.7667,58.26,64,0,0.78,clear sky,AU,2022-05-16 23:35:34
196,Pahrump,36.2083,-115.9839,95.05,11,0,5.99,clear sky,US,2022-05-16 23:35:35
197,Athabasca,54.7169,-113.2854,66.61,52,91,12.48,overcast clouds,CA,2022-05-16 23:32:57
198,Beirut,33.8889,35.4944,65.37,88,75,1.14,mist,LB,2022-05-16 23:35:36
199,Ancud,-41.8697,-73.8203,46.76,69,16,6.55,few clouds,CL,2022-05-16 23:32:57
200,Payson,40.0444,-111.7321,85.48,12,40,8.05,scattered clouds,US,2022-05-16 23:35:37
201,Iquitos,-3.7481,-73.2472,78.84,89,40,4.61,scattered clouds,PE,2022-05-16 23:35:38
202,Bereda,43.2686,-7.5406,56.05,86,0,4.74,clear sky,ES,2022-05-16 23:35:39
203,Hambantota,6.1241,81.1185,79.79,85,89,18.75,overcast clouds,LK,2022-05-16 23:35:40
204,Nikolskoye,59.7035,30.7861,45.88,92,100,5.3,overcast clouds,RU,2022-05-16 23:35:40
205,Saint-Georges,12.0564,-61.7485,82.08,78,20,16.11,few clouds,GD,2022-05-16 23:35:41
206,Port Elizabeth,-33.918,25.5701,71.1,77,0,3.44,clear sky,ZA,2022-05-16 23:35:42
207,Raisen,23.3333,77.8,84.9,19,0,6.91,clear sky,IN,2022-05-16 23:35:43
208,Torbay,47.6666,-52.7314,45.28,84,100,9.22,overcast clouds,CA,2022-05-16 23:35:43
209,Sorland,67.667,12.6934,37.26,59,99,6.26,overcast clouds,NO,2022-05-16 23:35:44
210,Morant Bay,17.8815,-76.4093,82.71,84,95,8.86,overcast clouds,JM,2022-05-16 23:31:18
211,Saskylakh,71.9167,114.0833,18.3,93,68,4.54,broken clouds,RU,2022-05-16 23:35:45
212,Rawson,-43.3002,-65.1023,47.95,76,0,9.82,clear sky,AR,2022-05-16 23:35:46
213,Tezu,27.9167,96.1667,70.79,96,100,3.6,light rain,IN,2022-05-16 23:35:47
214,Faya,18.3851,42.4509,64.92,9,0,4.12,clear sky,SA,2022-05-16 23:35:48
215,Lokoja,7.8024,6.743,75.24,87,99,3.29,light rain,NG,2022-05-16 23:35:48
216,Comodoro Rivadavia,-45.8667,-67.5,48.06,53,0,8.05,clear sky,AR,2022-05-16 23:35:49
217,Ngunguru,-35.6167,174.5,69.49,70,67,9.6,broken clouds,NZ,2022-05-16 23:35:50
218,Kabalo,-6.05,26.9167,70.5,90,77,3.27,light rain,CD,2022-05-16 23:35:50
219,Vila Velha,-20.3297,-40.2925,75.15,78,0,0.0,clear sky,BR,2022-05-16 23:31:35
220,Chapais,49.7834,-74.8492,60.58,65,100,4.61,overcast clouds,CA,2022-05-16 23:35:51
221,Batemans Bay,-35.7167,150.1833,58.1,47,0,4.16,clear sky,AU,2022-05-16 23:35:52
222,Guerrero Negro,27.9769,-114.0611,65.52,69,12,21.59,few clouds,MX,2022-05-16 23:35:53
223,Batamshinskiy,50.5594,58.2747,46.29,91,50,11.25,scattered clouds,KZ,2022-05-16 23:35:54
224,Olafsvik,64.8945,-23.7142,49.82,75,52,8.3,broken clouds,IS,2022-05-16 23:35:55
225,Mendi,-6.1761,143.6513,67.1,68,87,3.2,overcast clouds,PG,2022-05-16 23:35:56
226,Ler,8.3018,30.1418,79.29,68,59,1.07,broken clouds,SS,2022-05-16 23:35:57
227,Constitucion,-35.3333,-72.4167,53.92,71,0,3.18,clear sky,CL,2022-05-16 23:33:38
228,Kant,27.8,79.8,90.37,15,76,5.79,broken clouds,IN,2022-05-16 23:36:08
229,Mumford,5.2618,-0.759,80.74,85,73,7.38,broken clouds,GH,2022-05-16 23:36:09
230,Bethel,41.3712,-73.414,66.85,90,75,4.61,broken clouds,US,2022-05-16 23:36:09
231,Rosetta,31.4044,30.4164,66.18,79,0,7.87,clear sky,EG,2022-05-16 23:36:10
232,San Patricio,28.017,-97.5169,91.54,60,1,15.39,clear sky,US,2022-05-16 23:36:11
233,Cherskiy,68.75,161.3,41.88,81,100,12.26,overcast clouds,RU,2022-05-16 23:36:12
234,Atbasar,51.8,68.3333,56.82,69,59,8.75,broken clouds,KZ,2022-05-16 23:36:12
235,West Sacramento,38.5805,-121.5302,86.49,35,0,10.36,clear sky,US,2022-05-16 23:36:13
236,Kloulklubed,7.0419,134.2556,81.1,74,9,15.17,clear sky,PW,2022-05-16 23:36:14
237,Carthage,36.8611,10.3316,63.93,82,20,3.44,few clouds,TN,2022-05-16 23:36:14
238,Sahbuz,39.4072,45.5739,47.8,81,46,2.8,scattered clouds,AZ,2022-05-16 23:36:15
239,Horta,38.5333,-28.6333,56.93,63,70,25.77,broken clouds,PT,2022-05-16 23:36:16
240,Dudinka,69.4058,86.1778,36.63,100,100,9.95,overcast clouds,RU,2022-05-16 23:36:17
241,Asfi,32.2994,-9.2372,66.07,77,0,10.42,clear sky,MA,2022-05-16 23:36:17
242,Sindor,62.8629,51.8905,40.55,86,100,6.4,overcast clouds,RU,2022-05-16 23:36:18
243,Batagay-Alyta,67.8006,130.4114,20.16,85,91,2.44,overcast clouds,RU,2022-05-16 23:36:19
244,Americus,32.0724,-84.2327,89.73,37,40,5.75,scattered clouds,US,2022-05-16 23:35:39
245,Lompoc,34.6391,-120.4579,71.78,72,100,20.71,mist,US,2022-05-16 23:33:28
246,Kavieng,-2.5744,150.7967,84.02,68,22,7.25,few clouds,PG,2022-05-16 23:36:20
247,Sonoita,31.85,-112.8333,91.44,11,0,13.29,clear sky,MX,2022-05-16 23:36:21
248,Kutum,14.2,24.6667,76.98,18,12,14.74,few clouds,SD,2022-05-16 23:31:29
249,Cap Malheureux,-19.9842,57.6142,72.46,76,68,3.0,broken clouds,MU,2022-05-16 23:36:22
250,Isangel,-19.55,169.2667,79.63,71,46,15.57,scattered clouds,VU,2022-05-16 23:34:10
251,Aksarayskiy,46.7924,48.0119,56.14,59,37,9.95,scattered clouds,RU,2022-05-16 23:36:23
252,Altay,47.8667,88.1167,54.61,59,3,3.71,clear sky,CN,2022-05-16 23:36:24
253,Biskamzha,53.4497,89.5272,55.94,76,69,0.63,broken clouds,RU,2022-05-16 23:36:25
254,Uusikaupunki,60.8004,21.4084,39.24,76,15,9.69,few clouds,FI,2022-05-16 23:36:26
255,Katsuura,35.1333,140.3,63.28,82,100,10.27,overcast clouds,JP,2022-05-16 23:36:27
256,Canberra,-35.2835,149.1281,53.55,73,1,11.5,clear sky,AU,2022-05-16 23:36:27
257,Teberda,43.4456,41.7448,40.55,92,68,5.12,broken clouds,RU,2022-05-16 23:36:28
258,Panchagarh,26.3313,88.562,73.45,94,80,10.38,moderate rain,BD,2022-05-16 23:36:29
259,Pirgos,35.1167,25.7178,65.62,70,0,4.32,clear sky,GR,2022-05-16 23:36:30
260,Tokur,53.1333,132.9,36.09,75,100,6.06,overcast clouds,RU,2022-05-16 23:36:30
261,Nioro,13.35,-15.75,79.84,62,51,10.67,broken clouds,GM,2022-05-16 23:36:31
262,Kaitangata,-46.2817,169.8464,55.06,75,100,2.89,overcast clouds,NZ,2022-05-16 23:36:32
263,Mahon,39.8885,4.2658,66.76,94,100,2.3,overcast clouds,ES,2022-05-16 23:36:32
264,Flin Flon,54.7682,-101.865,53.44,32,40,6.91,scattered clouds,CA,2022-05-16 23:36:33
265,Krasnogorskoye,52.2953,86.1979,56.55,72,77,3.96,broken clouds,RU,2022-05-16 23:36:34
266,Sikonge,-5.6333,32.7667,64.33,73,53,4.36,broken clouds,TZ,2022-05-16 23:36:35
267,Kiunga,-6.1219,141.2906,74.91,99,98,0.76,overcast clouds,PG,2022-05-16 23:36:36
268,Kudahuvadhoo,2.6708,72.8944,83.32,78,93,21.63,overcast clouds,MV,2022-05-16 23:36:36
269,Lavrentiya,65.5833,-171.0,28.71,69,70,2.1,broken clouds,RU,2022-05-16 23:36:37
270,Sinop,41.7711,34.8709,52.25,62,50,7.07,scattered clouds,TR,2022-05-16 23:36:38
271,Yola,9.2,12.4833,85.96,52,81,7.29,light rain,NG,2022-05-16 23:36:38
272,Anadyr,64.75,177.4833,46.9,61,0,6.71,clear sky,RU,2022-05-16 23:36:39
273,Suez,29.9737,32.5263,65.7,66,100,9.84,overcast clouds,EG,2022-05-16 23:36:41
274,Iqaluit,63.7506,-68.5145,26.33,79,75,13.8,broken clouds,CA,2022-05-16 23:36:41
275,Sambava,-14.2667,50.1667,71.8,83,18,9.73,few clouds,MG,2022-05-16 23:36:52
276,Neuquen,-38.9516,-68.0591,49.89,53,0,2.3,clear sky,AR,2022-05-16 23:36:53
277,Vila Franca Do Campo,37.7167,-25.4333,59.41,72,9,16.96,clear sky,PT,2022-05-16 23:36:53
278,Half Moon Bay,37.4636,-122.4286,72.03,76,100,27.63,mist,US,2022-05-16 23:36:54
279,Yar-Sale,66.8333,70.8333,36.72,99,100,3.85,overcast clouds,RU,2022-05-16 23:36:55
280,Tampere,61.4991,23.7871,40.15,68,75,11.5,broken clouds,FI,2022-05-16 23:36:56
281,Grindavik,63.8424,-22.4338,53.55,71,75,13.8,broken clouds,IS,2022-05-16 23:36:56
282,Pangnirtung,66.1451,-65.7125,22.91,91,33,2.39,scattered clouds,CA,2022-05-16 23:36:57
283,Djibo,14.1022,-1.6306,95.5,22,90,8.03,overcast clouds,BF,2022-05-16 23:36:58
284,Sokolovo,52.5318,84.7896,60.51,60,88,4.56,overcast clouds,RU,2022-05-16 23:36:59
285,Cidreira,-30.1811,-50.2056,54.25,72,32,21.36,scattered clouds,BR,2022-05-16 23:37:00
286,Havoysund,70.9963,24.6622,35.91,66,100,22.15,light rain,NO,2022-05-16 23:37:01
287,Waitara,-38.925,174.25,67.5,95,100,18.34,overcast clouds,NZ,2022-05-16 23:37:02
288,Vrangel,42.7297,133.0839,54.52,62,4,5.55,clear sky,RU,2022-05-16 23:37:03
289,Taoudenni,22.6783,-3.9836,91.04,9,0,9.33,clear sky,ML,2022-05-16 23:37:03
290,Ahipara,-35.1667,173.1667,69.57,73,95,13.33,overcast clouds,NZ,2022-05-16 23:37:04
291,Jalu,29.0331,21.5482,78.75,29,0,5.79,clear sky,LY,2022-05-16 23:37:05
292,Byron Bay,-28.65,153.6167,69.71,90,94,8.5,overcast clouds,AU,2022-05-16 23:36:30
293,Atikokan,48.7555,-91.6216,42.91,69,100,7.36,overcast clouds,CA,2022-05-16 23:37:06
294,Chicama,-7.8447,-79.1469,63.14,76,75,5.82,broken clouds,PE,2022-05-16 23:37:07
295,Sangar,63.9242,127.4739,36.28,88,100,4.54,overcast clouds,RU,2022-05-16 23:37:07
296,Iranshahr,27.2025,60.6848,78.12,9,0,3.62,clear sky,IR,2022-05-16 23:37:08
297,Koboko,3.4136,30.9599,64.87,80,72,3.96,broken clouds,UG,2022-05-16 23:37:09
298,Tual,-5.6667,132.75,84.06,70,40,17.4,scattered clouds,ID,2022-05-16 23:37:09
299,Kaeo,-35.1,173.7833,69.94,71,93,11.39,overcast clouds,NZ,2022-05-16 23:37:10
300,Salalah,17.0151,54.0924,82.49,78,20,3.44,few clouds,OM,2022-05-16 23:37:11
301,Kyren,51.6828,102.1408,58.89,56,96,4.05,overcast clouds,RU,2022-05-16 23:37:11
302,Natal,-5.795,-35.2094,79.02,94,20,5.75,few clouds,BR,2022-05-16 23:37:12
303,Weatherford,32.7593,-97.7972,91.8,45,1,5.01,clear sky,US,2022-05-16 23:37:13
304,Murgab,37.4966,61.9714,67.87,52,2,0.0,clear sky,TM,2022-05-16 23:37:14
305,Evensk,61.95,159.2333,35.98,99,100,2.04,light rain,RU,2022-05-16 23:37:14
306,Adeje,28.1227,-16.726,67.01,76,20,6.91,few clouds,ES,2022-05-16 23:37:15
307,Husavik,66.0449,-17.3389,49.66,73,26,8.86,scattered clouds,IS,2022-05-16 23:37:16
308,Fortuna,40.5982,-124.1573,60.93,70,40,18.41,scattered clouds,US,2022-05-16 23:37:17
309,Schwabach,49.3292,11.0256,62.51,88,100,9.22,overcast clouds,DE,2022-05-16 23:37:18
310,Cradock,-32.1642,25.6192,57.97,59,0,6.38,clear sky,ZA,2022-05-16 23:37:18
311,Ranong,9.9658,98.6348,76.93,90,100,1.95,overcast clouds,TH,2022-05-16 23:37:19
312,Raca,44.2271,20.9775,57.02,65,24,4.94,few clouds,RS,2022-05-16 23:37:20
313,Mesyagutovo,55.5303,58.2528,43.07,96,84,6.62,broken clouds,RU,2022-05-16 23:37:21
314,Souillac,-20.5167,57.5167,75.58,73,75,11.5,broken clouds,MU,2022-05-16 23:37:00
315,Milkovo,54.7167,158.6167,42.57,70,95,2.06,overcast clouds,RU,2022-05-16 23:37:22
316,Dingle,10.9995,122.6711,82.71,74,99,0.54,overcast clouds,PH,2022-05-16 23:37:23
317,Arshan,46.2732,44.22,52.18,61,67,11.18,broken clouds,RU,2022-05-16 23:37:24
318,Saldanha,-33.0117,17.9442,57.25,52,43,4.72,scattered clouds,ZA,2022-05-16 23:37:24
319,Kastamonu,41.5,33.6667,45.86,76,6,1.3,clear sky,TR,2022-05-16 23:37:25
320,Balkanabat,39.5108,54.3671,75.34,40,90,4.23,overcast clouds,TM,2022-05-16 23:37:36
321,Abnub,27.2696,31.1511,75.4,31,100,12.35,overcast clouds,EG,2022-05-16 23:37:36
322,Ariquemes,-9.9133,-63.0408,72.95,91,100,5.23,overcast clouds,BR,2022-05-16 23:37:37
323,Marsa Matruh,31.3525,27.2453,65.98,80,0,6.17,clear sky,EG,2022-05-16 23:37:38
324,Umm Lajj,25.0213,37.2685,80.55,66,83,13.42,broken clouds,SA,2022-05-16 23:37:39
325,Muli,2.9167,73.5667,83.16,80,93,21.81,overcast clouds,MV,2022-05-16 23:37:39
326,El Alto,-4.2714,-81.2147,69.46,82,48,13.85,scattered clouds,PE,2022-05-16 23:37:40
327,Hirna,9.2167,41.1,61.0,68,3,8.88,clear sky,ET,2022-05-16 23:37:41
328,Brae,60.3964,-1.353,48.94,90,100,13.94,overcast clouds,GB,2022-05-16 23:37:41
329,Klaksvik,62.2266,-6.589,47.32,85,34,23.82,scattered clouds,FO,2022-05-16 23:37:42
330,Tamale,9.4008,-0.8393,86.83,47,99,7.05,overcast clouds,GH,2022-05-16 23:37:43
331,Trofors,65.5333,13.4063,27.79,89,52,2.28,broken clouds,NO,2022-05-16 23:37:44
332,Havelock,34.8791,-76.9013,78.76,82,0,20.71,thunderstorm,US,2022-05-16 23:37:44
333,Bulgan,48.8125,103.5347,56.77,40,87,1.43,overcast clouds,MN,2022-05-16 23:37:45
334,General Roca,-39.0333,-67.5833,44.62,42,40,5.1,scattered clouds,AR,2022-05-16 23:37:46
335,Kamiiso,41.8167,140.65,55.78,71,75,4.61,broken clouds,JP,2022-05-16 23:37:47
336,Koumac,-20.5667,164.2833,80.51,64,63,3.11,broken clouds,NC,2022-05-16 23:37:47
337,Ende,-8.8432,121.6623,80.67,85,72,2.89,broken clouds,ID,2022-05-16 23:37:48
338,Bubaque,11.2833,-15.8333,79.52,84,99,11.23,overcast clouds,GW,2022-05-16 23:37:49
339,Bosaso,11.2842,49.1816,88.34,31,21,7.4,few clouds,SO,2022-05-16 23:37:50
340,Zhigansk,66.7697,123.3711,30.09,86,100,5.39,overcast clouds,RU,2022-05-16 23:37:50
341,Kroya,-7.6331,109.2461,79.57,85,86,3.87,overcast clouds,ID,2022-05-16 23:37:51
342,Andijon,40.7821,72.3442,61.88,47,52,5.32,broken clouds,UZ,2022-05-16 23:37:52
343,Zhireken,52.8249,117.3076,54.82,38,9,2.3,clear sky,RU,2022-05-16 23:37:53
344,Pangai,-19.8,-174.35,78.91,53,20,11.5,few clouds,TO,2022-05-16 23:37:53
345,Kautokeino,69.0125,23.0412,14.9,92,55,3.83,broken clouds,NO,2022-05-16 23:37:55
346,Eldorado,-23.7869,-54.2836,50.09,73,0,8.12,clear sky,BR,2022-05-16 23:37:55
347,Ondjiva,-17.0667,15.7333,65.19,36,34,10.29,scattered clouds,AO,2022-05-16 23:33:52
348,Okha,53.5739,142.9478,38.17,94,94,5.91,overcast clouds,RU,2022-05-16 23:37:56
349,Solnechnyy,50.7214,136.6319,50.7,51,92,8.63,overcast clouds,RU,2022-05-16 23:37:57
350,Bilibino,68.0546,166.4372,37.15,91,96,2.15,overcast clouds,RU,2022-05-16 23:37:58
351,Stornoway,58.2093,-6.3865,51.76,89,98,11.5,overcast clouds,GB,2022-05-16 23:37:59
352,San Quintin,30.4833,-115.95,64.8,73,1,17.07,clear sky,MX,2022-05-16 23:38:00
353,Vostok,46.4856,135.8833,54.63,49,24,4.23,few clouds,RU,2022-05-16 23:38:01
354,Stawell,-37.05,142.7667,50.97,74,100,8.37,overcast clouds,AU,2022-05-16 23:38:02
355,Tondano,1.3038,124.9112,73.49,80,82,1.12,broken clouds,ID,2022-05-16 23:38:02
356,Carutapera,-1.195,-46.02,77.9,91,52,7.45,broken clouds,BR,2022-05-16 23:38:03
357,Sal Rei,16.1833,-22.9167,72.45,88,53,18.48,broken clouds,CV,2022-05-16 23:38:04
358,Salym,60.0625,71.4789,51.67,97,100,1.16,overcast clouds,RU,2022-05-16 23:38:05
359,Sembe,1.6481,14.5806,70.88,92,85,1.12,overcast clouds,CG,2022-05-16 23:38:05
360,Thinadhoo,0.5333,72.9333,83.91,74,98,19.28,overcast clouds,MV,2022-05-16 23:38:06
361,Colborne,44.0001,-77.8828,56.41,88,100,11.7,overcast clouds,CA,2022-05-16 23:38:07
362,Sainte-Anne-Des-Monts,49.124,-66.4924,42.67,100,100,1.14,overcast clouds,CA,2022-05-16 23:37:05
363,Onguday,50.75,86.15,53.15,73,40,1.52,scattered clouds,RU,2022-05-16 23:38:08
364,Goderich,43.7501,-81.7165,61.12,59,56,3.44,broken clouds,CA,2022-05-16 23:38:08
365,Zyukayka,58.2025,54.7003,44.78,97,100,2.8,overcast clouds,RU,2022-05-16 23:38:19
366,Pacific Grove,36.6177,-121.9166,75.54,79,75,12.66,broken clouds,US,2022-05-16 23:38:20
367,Sydney,-33.8679,151.2073,65.32,65,0,7.0,clear sky,AU,2022-05-16 23:33:43
368,Wattegama,6.7989,81.4808,76.68,86,77,9.06,broken clouds,LK,2022-05-16 23:38:22
369,North Bend,43.4065,-124.2243,60.93,83,100,13.8,overcast clouds,US,2022-05-16 23:38:23
370,Lorengau,-2.0226,147.2712,84.61,66,63,7.61,broken clouds,PG,2022-05-16 23:38:23
371,Makat,47.6469,53.3463,57.83,57,30,9.35,scattered clouds,KZ,2022-05-16 23:38:25
372,San Luis De Palenque,5.4214,-71.7317,75.42,95,100,2.19,overcast clouds,CO,2022-05-16 23:38:25
373,Le Moule,16.3332,-61.3473,77.04,100,84,16.6,broken clouds,GP,2022-05-16 23:38:26
374,Aykhal,66.0,111.5,33.58,95,100,6.98,overcast clouds,RU,2022-05-16 23:38:27
375,Hobyo,5.3505,48.5268,79.39,83,3,24.99,clear sky,SO,2022-05-16 23:38:28
376,Auki,-8.7676,160.7034,83.86,72,43,4.92,scattered clouds,SB,2022-05-16 23:38:29
377,Ostrovnoy,68.0531,39.5131,35.74,86,100,18.28,overcast clouds,RU,2022-05-16 23:38:29
378,Fairbanks,64.8378,-147.7164,51.03,59,75,1.14,broken clouds,US,2022-05-16 23:35:02
379,Suhbaatar,50.2314,106.2078,61.38,35,86,3.44,overcast clouds,MN,2022-05-16 23:38:30
380,Nabire,-3.3667,135.4833,81.95,73,15,1.7,few clouds,ID,2022-05-16 23:38:31
381,Srednekolymsk,67.45,153.6833,43.72,77,72,3.31,broken clouds,RU,2022-05-16 23:38:32
382,Hualmay,-11.0964,-77.6139,63.63,88,89,5.75,overcast clouds,PE,2022-05-16 23:38:33
383,Guiren,33.6697,118.1889,72.0,41,0,14.41,clear sky,CN,2022-05-16 23:38:33
384,Kruisfontein,-34.0033,24.7314,68.88,30,0,11.18,clear sky,ZA,2022-05-16 23:38:34
385,Tiznit,29.5833,-9.5,62.26,72,1,1.39,clear sky,MA,2022-05-16 23:38:35
386,Tonj,7.2737,28.6822,74.17,80,26,1.83,light rain,SS,2022-05-16 23:38:36
387,Vredendal,-31.6683,18.5012,70.93,20,28,8.52,scattered clouds,ZA,2022-05-16 23:38:36
388,Nizhniy Lomov,53.5304,43.6766,39.99,95,28,7.63,scattered clouds,RU,2022-05-16 23:38:37
389,Nanortalik,60.1432,-45.2371,38.68,81,99,4.76,overcast clouds,GL,2022-05-16 23:38:38
390,Fujin,47.26,132.0322,61.52,26,73,13.06,broken clouds,CN,2022-05-16 23:38:39
391,Pasni,25.2631,63.471,82.04,69,0,12.35,clear sky,PK,2022-05-16 23:38:40
392,Soto La Marina,23.7667,-98.2167,85.77,48,0,17.22,clear sky,MX,2022-05-16 23:38:41
393,Oktyabrskoye,43.0645,44.7417,53.74,81,100,4.47,light rain,RU,2022-05-16 23:38:41
394,Hami,42.8,93.45,69.82,27,100,10.07,overcast clouds,CN,2022-05-16 23:38:42
395,Zemio,5.0314,25.1361,69.85,90,95,0.47,overcast clouds,CF,2022-05-16 23:38:43
396,Saint-Augustin,51.226,-58.6502,36.54,93,100,16.49,overcast clouds,CA,2022-05-16 23:38:43
397,Port Lincoln,-34.7333,135.8667,59.09,65,96,5.97,overcast clouds,AU,2022-05-16 23:37:20
398,Pokaran,26.9167,71.9167,78.6,46,0,12.33,clear sky,IN,2022-05-16 23:38:44
399,Jamtara,23.95,86.8,84.15,68,21,10.29,few clouds,IN,2022-05-16 23:38:45
400,Chakulia,22.4833,86.7167,82.17,76,62,8.23,broken clouds,IN,2022-05-16 23:38:46
401,Barberton,-25.7884,31.0532,57.25,96,8,3.2,clear sky,ZA,2022-05-16 23:38:47
402,Praia,14.9215,-23.5087,79.34,50,0,24.16,clear sky,CV,2022-05-16 23:34:07
403,Otjiwarongo,-20.4637,16.6477,58.28,38,2,16.33,clear sky,NA,2022-05-16 23:38:48
404,Kapit,2.0167,112.9333,75.58,99,99,1.52,overcast clouds,MY,2022-05-16 23:38:48
405,Evans,33.5337,-82.1307,89.8,51,0,6.91,clear sky,US,2022-05-16 23:37:05
406,Narsaq,60.9167,-46.05,50.22,66,100,2.91,overcast clouds,GL,2022-05-16 23:38:50
407,Glendive,47.1053,-104.7125,76.75,39,100,11.01,overcast clouds,US,2022-05-16 23:35:36
408,Jacareacanga,-6.2222,-57.7528,75.04,98,89,1.83,moderate rain,BR,2022-05-16 23:38:51
409,Lysyanka,49.2523,30.8295,44.55,74,56,3.89,broken clouds,UA,2022-05-16 23:38:52
410,Marsh Harbour,26.5412,-77.0636,74.43,76,100,12.62,overcast clouds,BS,2022-05-16 23:38:52
411,Clarence Town,-32.5833,151.7833,67.86,59,0,7.52,clear sky,AU,2022-05-16 23:39:03
412,Port Victoria,0.0939,33.9756,68.04,77,27,6.46,scattered clouds,KE,2022-05-16 23:39:04
413,Esperance,-33.8667,121.9,57.22,67,0,13.4,clear sky,AU,2022-05-16 23:39:05
414,Naze,28.3667,129.4833,63.52,82,100,11.05,light rain,JP,2022-05-16 23:39:06
415,Nanyang,32.9947,112.5328,68.09,44,0,8.93,clear sky,CN,2022-05-16 23:36:38
416,Hemsedal,60.8629,8.5534,38.32,67,0,2.3,clear sky,NO,2022-05-16 23:39:07
417,Kapoeta,4.7717,33.5903,78.55,46,18,9.37,few clouds,SS,2022-05-16 23:39:08
418,Nushki,29.5542,66.0215,71.64,19,0,2.59,clear sky,PK,2022-05-16 23:39:08
419,Muisne,0.6,-80.0333,76.78,88,100,6.62,overcast clouds,EC,2022-05-16 23:39:09
420,Alvorada,-12.48,-49.1247,78.42,57,50,4.34,scattered clouds,BR,2022-05-16 23:39:10
421,Gisborne,-38.6533,178.0042,69.03,71,54,9.28,broken clouds,NZ,2022-05-16 23:39:11
422,Sao Joao Da Barra,-21.6403,-41.0511,69.78,93,67,8.61,broken clouds,BR,2022-05-16 23:39:12
423,Chimore,-16.9833,-65.1333,63.39,86,100,2.24,overcast clouds,BO,2022-05-16 23:39:13
424,Kununurra,-15.7667,128.7333,75.18,73,0,0.0,clear sky,AU,2022-05-16 23:34:38
425,Assare,-6.8744,-39.875,75.15,62,74,3.62,broken clouds,BR,2022-05-16 23:39:14
426,Chauk,20.8833,94.8167,84.54,68,82,4.07,broken clouds,MM,2022-05-16 23:39:15
427,Sivas,39.7916,37.0019,41.63,93,0,1.14,clear sky,TR,2022-05-16 23:39:16
428,Treinta Y Tres,-33.2333,-54.3833,51.75,83,80,19.66,broken clouds,UY,2022-05-16 23:39:17
429,Timra,62.487,17.3257,38.88,52,0,11.5,clear sky,SE,2022-05-16 23:39:18
430,Russell,32.3502,-85.1999,89.2,45,0,9.22,clear sky,US,2022-05-16 23:39:19
431,Sumenep,-7.0167,113.8667,82.69,77,99,6.35,overcast clouds,ID,2022-05-16 23:39:19
432,Gariaband,20.635,82.0614,86.31,44,93,3.58,overcast clouds,IN,2022-05-16 23:39:20
433,Houma,29.5958,-90.7195,86.0,69,0,13.8,clear sky,US,2022-05-16 23:39:21
434,Sao Filipe,14.8961,-24.4956,75.45,76,48,10.94,scattered clouds,CV,2022-05-16 23:39:22
435,Dawlatabad,36.4141,64.9053,72.25,28,0,1.3,clear sky,AF,2022-05-16 23:39:23
436,Reconquista,-29.15,-59.65,48.85,68,5,7.07,clear sky,AR,2022-05-16 23:39:23
437,Goure,13.9835,10.2704,79.95,11,11,9.95,few clouds,NE,2022-05-16 23:39:24
438,Gizo,-8.103,156.8419,83.7,69,9,0.07,clear sky,SB,2022-05-16 23:39:25
439,Flinders,-34.5833,150.8552,65.37,56,0,3.0,clear sky,AU,2022-05-16 23:39:26
440,Cairns,-16.9167,145.7667,81.1,73,0,0.0,clear sky,AU,2022-05-16 23:39:26
441,Khash,28.2211,61.2158,65.98,11,0,1.1,clear sky,IR,2022-05-16 23:39:27
442,Lodja,-3.4833,23.4333,68.41,99,92,1.52,overcast clouds,CD,2022-05-16 23:39:28
443,Nizhniy Ingash,56.2,96.53,59.05,67,80,5.53,broken clouds,RU,2022-05-16 23:39:29
444,Oranjemund,-28.55,16.4333,68.58,36,1,3.42,clear sky,NA,2022-05-16 23:39:30
445,Madang,-5.2246,145.7966,84.22,68,16,1.74,few clouds,PG,2022-05-16 23:39:31
446,Rybinsk,58.0446,38.8426,43.36,98,100,9.78,light rain,RU,2022-05-16 23:39:32
447,Tuatapere,-46.1333,167.6833,53.78,80,100,10.92,light rain,NZ,2022-05-16 23:39:32
448,Sambalpur,21.45,83.9667,87.84,44,100,6.24,overcast clouds,IN,2022-05-16 23:39:33
449,Taungdwingyi,20.0167,95.55,80.74,77,92,9.48,overcast clouds,MM,2022-05-16 23:39:34
450,Le Port,-20.9373,55.2919,73.36,77,24,5.41,few clouds,RE,2022-05-16 23:39:35
451,Westerland,54.9079,8.3033,56.01,76,100,10.36,moderate rain,DE,2022-05-16 23:39:36
452,Grand Gaube,-20.0064,57.6608,75.6,76,88,4.0,overcast clouds,MU,2022-05-16 23:39:37
453,Champerico,14.3,-91.9167,90.14,67,92,8.55,overcast clouds,GT,2022-05-16 23:39:37
454,Tiksi,71.6872,128.8694,24.84,93,100,15.73,light snow,RU,2022-05-16 23:35:45
455,Melfi,40.9965,15.6514,58.5,79,91,5.59,overcast clouds,IT,2022-05-16 23:39:38
456,Udachnyy,66.4167,112.4,37.45,74,100,8.3,overcast clouds,RU,2022-05-16 23:39:49
457,Riberalta,-10.9833,-66.1,70.0,94,100,18.41,overcast clouds,BO,2022-05-16 23:39:50
458,Coromandel,-18.4733,-47.2003,60.85,94,65,5.35,broken clouds,BR,2022-05-16 23:39:51
459,Najran,17.4924,44.1277,66.85,9,6,3.02,clear sky,SA,2022-05-16 23:36:50
460,Paamiut,61.994,-49.6678,33.71,85,5,13.76,clear sky,GL,2022-05-16 23:39:52
461,Mbandaka,0.0487,18.2603,72.16,95,96,2.8,overcast clouds,CD,2022-05-16 23:39:53
462,Tucumcari,35.1717,-103.725,87.64,25,40,36.82,scattered clouds,US,2022-05-16 23:39:54
463,Cururupu,-1.8283,-44.8683,76.8,89,48,4.56,scattered clouds,BR,2022-05-16 23:39:55
464,Bathsheba,13.2167,-59.5167,81.21,83,20,17.27,few clouds,BB,2022-05-16 23:39:56
465,Gasa,31.5,34.4667,65.88,80,100,2.08,overcast clouds,PS,2022-05-16 23:39:56
466,San Jose,37.3394,-121.895,75.09,53,75,17.27,broken clouds,US,2022-05-16 23:32:20
467,Nalut,30.3333,10.85,76.44,21,50,10.89,scattered clouds,LY,2022-05-16 23:39:58
468,Osmena,10.5208,119.9258,78.57,84,100,4.25,overcast clouds,PH,2022-05-16 23:39:58
469,Cornwall,45.0181,-74.7281,61.18,100,100,10.36,overcast clouds,CA,2022-05-16 23:37:51
470,Hirado,33.3597,129.5531,65.14,55,83,4.03,broken clouds,JP,2022-05-16 23:40:00
471,Lincoln,40.8,-96.667,82.47,37,0,12.66,clear sky,US,2022-05-16 23:40:00
472,Rio Gallegos,-51.6226,-69.2181,37.45,100,0,3.44,clear sky,AR,2022-05-16 23:40:01
473,Clermont,49.5,2.4167,62.71,86,100,4.68,overcast clouds,FR,2022-05-16 23:40:02
474,Berbera,10.4396,45.0143,86.81,54,29,2.84,scattered clouds,SO,2022-05-16 23:40:03
475,Gushikawa,26.3544,127.8686,67.23,95,100,5.75,moderate rain,JP,2022-05-16 23:40:03
476,Monroe,43.1501,-77.6831,56.98,88,75,10.36,broken clouds,US,2022-05-16 23:40:04
477,Gazojak,41.1875,61.4036,76.55,17,29,7.05,scattered clouds,TM,2022-05-16 23:40:05
478,Cobourg,50.2667,10.9667,62.8,91,100,1.99,light rain,DE,2022-05-16 23:40:06
479,Upernavik,72.7868,-56.1549,14.25,89,22,9.44,few clouds,GL,2022-05-16 23:40:07
480,Verkh-Suetka,53.3,80.05,60.67,63,34,8.3,scattered clouds,RU,2022-05-16 23:40:07
481,Te Anau,-45.4167,167.7167,55.67,76,99,5.68,overcast clouds,NZ,2022-05-16 23:40:09
482,Ushtobe,45.2514,77.9838,62.85,49,86,6.51,overcast clouds,KZ,2022-05-16 23:40:10
483,Cervo,43.6702,-7.4101,65.97,78,4,5.88,clear sky,ES,2022-05-16 23:40:11
484,Srandakan,-7.9386,110.2506,78.17,85,70,4.09,broken clouds,ID,2022-05-16 23:40:11
485,Makakilo City,21.3469,-158.0858,80.92,61,100,6.91,overcast clouds,US,2022-05-16 23:38:23
486,Buraydah,26.326,43.975,82.85,24,0,9.46,clear sky,SA,2022-05-16 23:40:13
487,Shubarkuduk,49.1447,56.4872,49.91,87,35,7.36,scattered clouds,KZ,2022-05-16 23:40:13
488,Morro Bay,35.3658,-120.8499,88.38,59,30,8.99,scattered clouds,US,2022-05-16 23:40:14
489,Sehithwa,-20.4667,22.7167,59.65,64,43,9.69,scattered clouds,BW,2022-05-16 23:40:15
490,Mayo,38.8876,-76.5119,71.71,88,75,6.91,broken clouds,US,2022-05-16 23:40:16
491,Lakselv,70.0513,24.9718,35.42,64,100,13.8,overcast clouds,NO,2022-05-16 23:40:16
492,Qasigiannguit,68.8193,-51.1922,30.45,88,9,4.59,clear sky,GL,2022-05-16 23:40:17
493,Barcelona,41.3888,2.159,70.14,82,20,4.61,few clouds,ES,2022-05-16 23:40:18
494,Maragogi,-9.0122,-35.2225,77.74,88,42,5.21,scattered clouds,BR,2022-05-16 23:40:19
495,Vestmanna,62.1564,-7.1664,45.52,76,40,20.71,scattered clouds,FO,2022-05-16 23:40:20
496,Manaure,11.7751,-72.4445,86.23,66,95,15.99,overcast clouds,CO,2022-05-16 23:40:20
497,Ipaussu,-23.0553,-49.6284,54.79,83,1,4.9,clear sky,BR,2022-05-16 23:40:21
498,Jumla,29.2747,82.1838,54.55,63,41,3.91,scattered clouds,NP,2022-05-16 23:40:22
499,Neka,36.6508,53.299,59.88,85,23,11.74,few clouds,IR,2022-05-16 23:40:22
500,Oshakati,-17.7833,15.6833,59.02,29,89,14.38,overcast clouds,NA,2022-05-16 23:40:23
501,Soure,-0.7167,-48.5233,80.53,85,78,11.83,broken clouds,BR,2022-05-16 23:40:24
502,Severo-Kurilsk,50.6789,156.125,40.03,89,65,8.61,broken clouds,RU,2022-05-16 23:40:25
503,Ambam,2.3833,11.2833,70.05,99,100,2.98,light rain,CM,2022-05-16 23:40:25
504,Yelizovo,53.1873,158.3805,42.94,75,75,2.24,broken clouds,RU,2022-05-16 23:40:36
505,Tabalosos,-6.35,-76.6833,70.0,98,76,0.16,broken clouds,PE,2022-05-16 23:40:37
506,Westerville,40.1262,-82.9291,73.38,44,40,16.11,scattered clouds,US,2022-05-16 23:35:58
507,Chumikan,54.7183,135.315,34.95,88,86,8.16,overcast clouds,RU,2022-05-16 23:40:38
508,Omboue,-1.5746,9.2618,78.33,89,96,4.21,overcast clouds,GA,2022-05-16 23:40:39
509,Jackson,42.4165,-122.8345,74.16,38,0,10.36,clear sky,US,2022-05-16 23:40:39
510,Curuca,-0.7289,-47.8481,75.99,95,42,4.63,scattered clouds,BR,2022-05-16 23:40:40
511,Ilhabela,-23.7781,-45.3581,67.93,86,78,3.06,broken clouds,BR,2022-05-16 23:40:41
512,Sola,-13.8833,167.55,80.31,79,88,15.32,overcast clouds,VU,2022-05-16 23:40:41
513,Hays,30.0502,-98.0336,96.1,32,3,7.0,clear sky,US,2022-05-16 23:36:10
514,Bam,29.106,58.357,79.5,12,0,7.09,clear sky,IR,2022-05-16 23:40:43
515,Chunskiy,56.0815,99.6342,56.89,79,74,4.38,broken clouds,RU,2022-05-16 23:40:44
516,Bud,39.447,-86.1758,78.75,70,18,6.46,few clouds,US,2022-05-16 23:40:44
517,South Lake Tahoe,38.9332,-119.9844,69.75,21,0,9.22,clear sky,US,2022-05-16 23:38:34
518,Paita,-5.0892,-81.1144,66.34,85,53,14.23,broken clouds,PE,2022-05-16 23:40:45
519,Leh,34.1667,77.5833,43.79,49,31,3.04,scattered clouds,IN,2022-05-16 23:39:14
520,Hasaki,35.7333,140.8333,63.28,84,100,15.93,overcast clouds,JP,2022-05-16 23:40:46
521,Ajaigarh,24.9,80.2667,88.03,13,4,9.64,clear sky,IN,2022-05-16 23:40:47
522,Songjianghe,42.1859,127.479,54.23,57,2,6.96,clear sky,CN,2022-05-16 23:40:48
523,Fortuna Foothills,32.6578,-114.4119,101.55,10,0,6.91,clear sky,US,2022-05-16 23:40:49
524,Lake City,30.1897,-82.6393,82.78,57,0,8.05,clear sky,US,2022-05-16 23:40:49
525,Moranbah,-22.0016,148.0466,74.25,72,96,17.58,overcast clouds,AU,2022-05-16 23:36:41
526,Aguimes,27.9054,-15.4461,65.03,73,20,9.22,few clouds,ES,2022-05-16 23:40:50
527,Labrea,-7.2586,-64.7981,73.56,99,100,2.48,moderate rain,BR,2022-05-16 23:40:51
528,Sobolevo,54.4299,31.8996,37.72,89,28,8.03,scattered clouds,RU,2022-05-16 23:40:52
529,Rocha,-34.4833,-54.3333,52.61,86,99,19.15,overcast clouds,UY,2022-05-16 23:40:52
530,Asau,46.4333,26.4,52.72,100,44,3.76,scattered clouds,RO,2022-05-16 23:40:53
531,Wareham,50.6889,-2.1104,56.08,93,98,6.11,overcast clouds,GB,2022-05-16 23:40:54
532,Vanavara,60.34,102.2797,59.13,56,99,8.08,overcast clouds,RU,2022-05-16 23:40:55
533,Andenes,69.3143,16.1194,35.58,69,100,8.05,overcast clouds,NO,2022-05-16 23:40:55
534,Mosetse,-20.75,26.65,56.7,67,0,14.36,clear sky,BW,2022-05-16 23:40:56
535,Gondanglegi,-7.7479,112.0132,77.65,84,88,5.5,overcast clouds,ID,2022-05-16 23:40:57
536,Zaysan,47.4667,84.8667,59.94,54,11,3.94,few clouds,KZ,2022-05-16 23:40:57
537,Walvis Bay,-22.9575,14.5053,70.75,30,18,8.05,few clouds,NA,2022-05-16 23:40:58
538,Felipe Carrillo Puerto,19.5833,-88.05,82.26,60,9,8.25,clear sky,MX,2022-05-16 23:40:59
539,Allapalli,19.4167,80.0667,86.23,62,57,6.29,broken clouds,IN,2022-05-16 23:41:00
540,Mount Holly,35.2982,-81.0159,81.61,53,40,4.61,scattered clouds,US,2022-05-16 23:41:01
541,Erenhot,43.6475,111.9767,60.39,28,69,14.72,broken clouds,CN,2022-05-16 23:41:01
542,Hay River,60.8156,-115.7999,51.76,62,40,13.8,scattered clouds,CA,2022-05-16 23:41:02
543,Veraval,20.9,70.3667,83.08,67,18,14.27,few clouds,IN,2022-05-16 23:41:03
544,Vallenar,-28.5708,-70.7581,58.57,65,75,1.48,broken clouds,CL,2022-05-16 23:41:04
545,Ca Mau,9.1769,105.15,80.31,85,100,1.3,overcast clouds,VN,2022-05-16 23:37:08
546,Sakakah,29.9697,40.2064,76.57,18,50,3.74,scattered clouds,SA,2022-05-16 23:41:05
547,Kamenka,51.3223,42.7678,40.19,93,7,7.7,clear sky,RU,2022-05-16 23:41:06
548,Upington,-28.4478,21.2561,64.78,59,0,12.66,clear sky,ZA,2022-05-16 23:41:08
549,Mombetsu,44.3525,143.3525,58.71,43,0,3.36,clear sky,JP,2022-05-16 23:41:09
550,Tabas,33.5959,56.9244,75.42,15,17,4.61,few clouds,IR,2022-05-16 23:41:19
551,Vestmannaeyjar,63.4427,-20.2734,49.12,77,42,20.62,scattered clouds,IS,2022-05-16 23:41:20
552,Nancha,47.1333,129.2667,61.29,31,89,5.28,overcast clouds,CN,2022-05-16 23:41:21
553,Kyshtovka,56.555,76.6271,58.87,70,90,11.34,overcast clouds,RU,2022-05-16 23:41:22
554,Kasane,-17.8167,25.15,53.62,60,0,5.88,clear sky,BW,2022-05-16 23:41:23
555,Villa Maria,-32.4075,-63.2402,45.82,78,3,8.75,clear sky,AR,2022-05-16 23:41:24
556,Nurota,40.5614,65.6886,69.21,35,1,5.57,clear sky,UZ,2022-05-16 23:41:25
557,Terrace Bay,48.7834,-87.1,40.77,82,96,12.3,overcast clouds,CA,2022-05-16 23:41:26
558,Yerofey Pavlovich,53.9667,121.9667,47.1,37,56,4.76,broken clouds,RU,2022-05-16 23:41:27
559,Novoshcherbinovskaya,46.4767,38.6476,57.0,67,62,6.22,broken clouds,RU,2022-05-16 23:41:27
560,Margate,51.3813,1.3862,58.3,83,99,1.99,overcast clouds,GB,2022-05-16 23:38:27
561,Udala,43.0778,-2.5125,62.47,90,5,4.74,clear sky,ES,2022-05-16 23:41:29
562,Dubbo,-32.25,148.6167,53.73,94,2,2.3,clear sky,AU,2022-05-16 23:41:29
563,Machinga,-15.1685,35.3,58.44,95,13,3.38,few clouds,MW,2022-05-16 23:41:30
564,Mutoko,-17.397,32.2268,57.63,69,100,1.7,overcast clouds,ZW,2022-05-16 23:41:31
565,Necochea,-38.5473,-58.7368,52.41,85,100,25.88,overcast clouds,AR,2022-05-16 23:41:32
566,Arbazh,57.6804,48.3065,41.14,95,40,5.12,scattered clouds,RU,2022-05-16 23:41:32
567,Rio Grande,-32.035,-52.0986,51.94,79,61,24.2,broken clouds,BR,2022-05-16 23:41:33
568,Lake Jackson,29.0339,-95.4344,87.15,68,0,14.97,clear sky,US,2022-05-16 23:39:47
569,Alice Springs,-23.7,133.8833,60.35,41,59,11.5,broken clouds,AU,2022-05-16 23:41:34
570,Takoradi,4.8845,-1.7554,79.61,87,68,5.41,light rain,GH,2022-05-16 23:41:35
571,Qaqortoq,60.7167,-46.0333,39.47,70,99,2.64,overcast clouds,GL,2022-05-16 23:41:36
572,Inuvik,68.3499,-133.7218,39.96,63,40,12.66,scattered clouds,CA,2022-05-16 23:41:36
573,Lixourion,38.2019,20.4314,65.82,77,5,3.83,clear sky,GR,2022-05-16 23:41:37
574,Powell,40.1578,-83.0752,72.81,42,40,12.66,scattered clouds,US,2022-05-16 23:41:38
575,Arvin,35.2091,-118.8284,87.4,14,0,13.49,clear sky,US,2022-05-16 23:41:39
576,Benguela,-12.5763,13.4055,75.58,77,2,1.19,clear sky,AO,2022-05-16 23:41:39
577,Darhan,49.4867,105.9228,60.94,36,54,4.94,broken clouds,MN,2022-05-16 23:41:40
578,Barcelos,41.5388,-8.6151,64.54,92,47,6.89,light rain,PT,2022-05-16 23:41:41
579,Linhares,-19.3911,-40.0722,71.42,88,48,3.49,scattered clouds,BR,2022-05-16 23:41:41
580,Manoel Urbano,-8.8389,-69.2597,69.64,99,100,4.05,overcast clouds,BR,2022-05-16 23:41:43
581,Dorado,18.4588,-66.2677,84.09,72,40,11.5,scattered clouds,PR,2022-05-16 23:41:43
582,Jasper,37.2001,-94.3502,78.85,41,0,4.61,clear sky,US,2022-05-16 23:36:59
583,Voh,-20.9667,164.7,83.55,58,67,4.05,broken clouds,NC,2022-05-16 23:41:45
584,Chinsali,-10.5414,32.0816,55.9,80,20,5.97,few clouds,ZM,2022-05-16 23:41:46
585,Sao Felix Do Xingu,-6.6447,-51.995,74.01,93,92,2.37,light rain,BR,2022-05-16 23:41:47
586,Lazaro Cardenas,17.9583,-102.2,83.98,51,45,11.16,scattered clouds,MX,2022-05-16 23:41:48
587,Pringsewu,-5.3582,104.9744,76.44,92,100,3.53,overcast clouds,ID,2022-05-16 23:41:48
588,Tabora,-5.0167,32.8,64.98,71,19,5.39,few clouds,TZ,2022-05-16 23:41:49
589,Solwezi,-12.1688,26.3894,57.94,75,88,4.85,overcast clouds,ZM,2022-05-16 23:41:50
590,Ambulu,-8.345,113.6058,78.37,82,69,2.42,broken clouds,ID,2022-05-16 23:41:50
591,Urumqi,43.801,87.6005,59.95,51,0,2.24,clear sky,CN,2022-05-16 23:41:51
592,Lasko,46.1546,15.2356,65.23,81,95,3.36,overcast clouds,SI,2022-05-16 23:41:52
593,Caucaia,-3.7361,-38.6531,82.04,78,0,9.22,clear sky,BR,2022-05-16 23:41:53
594,Doba,8.65,16.85,77.76,78,94,4.29,overcast clouds,TD,2022-05-16 23:41:54
595,Banda Aceh,5.5577,95.3222,80.74,81,99,12.48,overcast clouds,ID,2022-05-16 23:42:05
596,Lanxi,29.2195,119.477,62.92,69,0,2.04,clear sky,CN,2022-05-16 23:42:06
597,Pimentel,-6.8367,-79.9342,66.49,72,0,18.41,clear sky,PE,2022-05-16 23:42:07
598,Tongchuan,35.0806,109.0897,65.43,27,2,1.32,clear sky,CN,2022-05-16 23:42:08
599,Takaungu,-3.6837,39.8566,77.0,83,5,13.98,clear sky,KE,2022-05-16 23:42:09
600,Khonsa,27.0167,95.5667,65.48,95,97,2.53,overcast clouds,IN,2022-05-16 23:42:10
601,Dzhebariki-Khaya,62.2167,135.8,45.79,42,97,6.51,overcast clouds,RU,2022-05-16 23:42:11
602,Pochutla,15.7432,-96.4661,86.83,51,55,8.03,broken clouds,MX,2022-05-16 23:42:11
603,Morales,2.757,-76.6172,59.94,97,100,1.45,overcast clouds,CO,2022-05-16 23:42:12
604,Makueni,-1.8041,37.6203,58.96,94,40,1.21,scattered clouds,KE,2022-05-16 23:42:13
605,Tabou,4.423,-7.3528,79.57,84,86,7.0,overcast clouds,CI,2022-05-16 23:42:14
606,Kavaratti,10.5669,72.642,80.22,87,100,17.34,moderate rain,IN,2022-05-16 23:42:15
607,Visby,57.6409,18.296,35.82,93,2,1.14,clear sky,SE,2022-05-16 23:42:16
608,Paracuru,-3.41,-39.0306,82.11,88,55,9.62,broken clouds,BR,2022-05-16 23:39:38
609,Lulea,65.5842,22.1547,39.27,70,100,14.97,overcast clouds,SE,2022-05-16 23:42:17
610,Iskateley,67.6803,53.1512,34.03,84,100,12.5,overcast clouds,RU,2022-05-16 23:42:18
611,Kadaya,50.9327,119.2911,50.83,47,18,7.0,few clouds,RU,2022-05-16 23:42:19
612,Saint Anthony,45.0205,-93.218,68.95,34,0,16.11,clear sky,US,2022-05-16 23:42:19
613,Okhotsk,59.3833,143.3,32.5,99,100,13.8,light snow,RU,2022-05-16 23:42:20
614,Port Moresby,-9.4431,147.1797,85.42,70,40,11.5,haze,PG,2022-05-16 23:42:08
615,Mehamn,71.0357,27.8492,35.51,72,99,22.82,overcast clouds,NO,2022-05-16 23:42:21
616,Kailua,21.4022,-157.7394,82.38,68,40,11.5,scattered clouds,US,2022-05-16 23:42:22
617,Ha Tinh,18.3333,105.9,70.9,78,100,3.62,overcast clouds,VN,2022-05-16 23:42:23
618,Bara,10.3744,10.7288,92.1,25,79,2.95,broken clouds,NG,2022-05-16 23:42:24
619,Ingham,42.6,-84.3833,69.98,30,40,11.5,scattered clouds,US,2022-05-16 23:42:25
620,Fuente De Oro,3.4594,-73.6128,72.68,97,99,2.46,light rain,CO,2022-05-16 23:42:26
621,San Cristobal,7.7669,-72.225,77.18,78,84,2.93,broken clouds,VE,2022-05-16 23:40:20
622,Strezhevoy,60.7333,77.5889,52.95,90,97,7.18,overcast clouds,RU,2022-05-16 23:42:27
623,Ust-Ordynskiy,52.805,104.7508,57.76,79,99,10.8,light rain,RU,2022-05-16 23:42:28
624,Dauphin,51.1494,-100.0502,50.14,62,0,6.91,clear sky,CA,2022-05-16 23:42:29
625,Pansoy,13.1825,122.5989,81.25,74,100,9.89,overcast clouds,PH,2022-05-16 23:42:29
626,Torrington,41.8007,-73.1212,65.17,95,100,1.01,light rain,US,2022-05-16 23:39:47
627,Maarianhamina,60.0973,19.9348,42.66,65,0,6.91,clear sky,AX,2022-05-16 23:42:30
628,Neiafu,-18.65,-173.9833,81.28,57,20,9.22,few clouds,TO,2022-05-16 23:42:31
629,Mogadishu,2.0371,45.3438,79.5,83,8,17.69,clear sky,SO,2022-05-16 23:39:39
630,Baloda Bazar,21.6667,82.1667,88.99,42,87,7.47,overcast clouds,IN,2022-05-16 23:42:32
631,La Rioja,42.25,-2.5,55.18,66,16,6.38,few clouds,ES,2022-05-16 23:42:33
632,Kieta,-6.2167,155.6333,84.97,67,78,2.59,broken clouds,PG,2022-05-16 23:42:34
633,Snasa,64.2457,12.3778,32.67,86,27,2.91,scattered clouds,NO,2022-05-16 23:42:35
634,Port Macquarie,-31.4333,152.9167,68.9,65,26,9.78,scattered clouds,AU,2022-05-16 23:42:21
635,Belaya Gora,68.5333,146.4167,29.79,93,100,2.17,overcast clouds,RU,2022-05-16 23:42:36
636,Tecoanapa,16.5167,-98.75,85.19,60,11,11.56,few clouds,MX,2022-05-16 23:42:37
637,Gobabis,-22.45,18.9667,56.84,48,61,11.3,broken clouds,NA,2022-05-16 23:42:38
638,Muroto,33.2833,134.15,63.46,77,100,3.62,heavy intensity rain,JP,2022-05-16 23:42:38
639,Mufulira,-12.5498,28.2407,61.43,66,100,5.46,overcast clouds,ZM,2022-05-16 23:42:39
640,Mana,5.6592,-53.7767,78.49,90,100,10.63,moderate rain,GF,2022-05-16 23:42:40
641,Turka,49.1541,23.0297,48.07,92,94,2.01,overcast clouds,UA,2022-05-16 23:42:40
642,Trincomalee,8.5711,81.2335,82.18,77,88,19.13,overcast clouds,LK,2022-05-16 23:42:51
643,Olinda,-8.0089,-34.8553,82.13,78,40,6.91,scattered clouds,BR,2022-05-16 23:42:52
644,Mancio Lima,-7.6142,-72.8958,75.27,100,100,3.44,thunderstorm with light rain,BR,2022-05-16 23:42:53
645,Kirakira,-10.4544,161.9205,85.66,66,83,3.18,broken clouds,SB,2022-05-16 23:42:54
646,Harnosand,62.6323,17.9379,39.22,60,28,11.63,scattered clouds,SE,2022-05-16 23:42:54
647,Adrar,20.5022,-10.0711,87.8,12,98,13.71,overcast clouds,MR,2022-05-16 23:42:56
648,Verkhnevilyuysk,63.4453,120.3167,40.84,82,100,2.66,overcast clouds,RU,2022-05-16 23:42:56
649,Aljezur,37.3191,-8.8033,61.54,91,0,2.53,clear sky,PT,2022-05-16 23:42:57
650,Khani,41.9563,42.9566,42.37,86,26,5.7,scattered clouds,GE,2022-05-16 23:42:58
651,Touros,-5.1989,-35.4608,79.38,86,71,10.04,broken clouds,BR,2022-05-16 23:42:59
652,Alenquer,-1.9417,-54.7383,75.85,96,100,3.11,overcast clouds,BR,2022-05-16 23:42:59
653,Metro,-5.1131,105.3067,76.46,89,98,3.69,overcast clouds,ID,2022-05-16 23:43:00
654,Camocim,-2.9022,-40.8411,77.72,87,94,10.07,overcast clouds,BR,2022-05-16 23:43:01
655,Lokosovo,61.1333,74.8167,52.99,94,100,4.32,overcast clouds,RU,2022-05-16 23:41:18
656,Antsohihy,-14.8796,47.9875,69.69,76,4,6.08,clear sky,MG,2022-05-16 23:43:02
657,Wageningen,51.9667,5.6667,59.92,92,100,2.3,overcast clouds,NL,2022-05-16 23:43:03
658,Buala,-8.145,159.5921,84.88,68,13,1.07,few clouds,SB,2022-05-16 23:43:04
659,Manokwari,-0.8667,134.0833,83.34,65,43,5.48,scattered clouds,ID,2022-05-16 23:43:05
660,Tommot,58.9564,126.2925,36.14,96,100,4.36,light rain,RU,2022-05-16 23:43:06
661,Shelui,-4.3667,34.2,65.44,73,30,6.85,scattered clouds,TZ,2022-05-16 23:43:07
662,Yulara,-25.2406,130.9889,64.38,26,93,15.46,overcast clouds,AU,2022-05-16 23:43:08
663,Skjervoy,70.0311,20.9714,35.6,66,100,23.4,light rain,NO,2022-05-16 23:43:09
664,Barquisimeto,10.0739,-69.3228,73.24,89,100,8.61,overcast clouds,VE,2022-05-16 23:43:10
665,Mincivan,39.0294,46.7185,58.55,92,98,0.47,overcast clouds,AZ,2022-05-16 23:43:10
666,Conde,-7.2597,-34.9075,76.46,100,0,6.91,clear sky,BR,2022-05-16 23:43:11
667,Guanica,17.9716,-66.908,83.1,79,57,10.4,broken clouds,PR,2022-05-16 23:43:12
668,Kargasok,59.0556,80.8572,55.53,86,69,11.32,light rain,RU,2022-05-16 23:43:13
669,La Libertad,-2.2333,-80.9,74.86,83,75,8.05,broken clouds,EC,2022-05-16 23:43:13
670,Timberlake,37.3207,-79.2575,78.76,29,0,11.5,clear sky,US,2022-05-16 23:43:14
671,Kourou,5.1552,-52.6478,76.1,92,95,9.33,heavy intensity rain,GF,2022-05-16 23:43:15
672,Biharamulo,-2.6319,31.3089,61.79,94,94,3.94,light rain,TZ,2022-05-16 23:43:16
673,Moindou,-21.6924,165.677,79.48,64,58,2.59,broken clouds,NC,2022-05-16 23:43:17
674,Sirnak,37.5228,42.4594,50.07,69,88,4.38,overcast clouds,TR,2022-05-16 23:43:18
675,Hanmer Springs,-42.5167,172.8167,58.8,73,100,5.32,light rain,NZ,2022-05-16 23:43:19
676,Ayolas,-27.4,-56.9,50.27,75,14,5.86,few clouds,PY,2022-05-16 23:43:19
677,Villa Carlos Paz,-31.4241,-64.4978,47.82,34,0,1.99,clear sky,AR,2022-05-16 23:43:20
678,Anacortes,48.5126,-122.6127,56.17,75,100,4.61,overcast clouds,US,2022-05-16 23:42:30
679,Tucurui,-3.7661,-49.6725,75.65,94,98,1.97,overcast clouds,BR,2022-05-16 23:43:21
680,Safford,32.834,-109.7076,99.52,4,0,10.36,clear sky,US,2022-05-16 23:43:22
